age_range,vet_suicide_2005,vet_suicide_2006,vet_suicide_2007,vet_suicide_2008,Nonvet_suicide_2005,Nonvet_suicide_2006,Nonvet_suicide_2007,Nonvet_suicide_2008,vet_pop_16sates,v_rate_pop,nonvet_pop_16sates,nv_rate_pop
18-29,12,11,23,15,86,552,759,910,65974,0.201657459,4442150,0.088096082
30-39,71,83,92,83,865,882,861,882,302379,0.15033557,4997418,0.108549156
40-49,183,195,185,185,1008,994,1049,1017,544281,0.21021021,4804281,0.111738999
50-59,486,453,495,487,1092,1012,1062,1083,808175,0.237569061,4852566,0.11421615
60-69,385,450,525,553,495,321,810,615,1412933,0.077738516,2969481,0.106765211
70-79,494,565,485,462,427,196,216,226,1094061,0.2,1424385,0.102049695
80+,808,712,595,821,97,197,148,153,1269990,0.28,627695,0.110654
